{
  "rho_hat": -0.11709223271705473,
  "theta_used": 10.618239284291352,
  "sample_start": 2000,
  "sample_end": 2023,
  "mean_real_rate": 0.05670095312733684,
  "mean_consumption_growth": 0.016367420359560143,
  "estimation_method": "OLS Euler equation",
  "operational_proxy": "selic_deflated_ipca"
}